Date,Close/Last,Volume,Open,High,Low,Day
06/26/2020,15.45,37289540,15.5,16.5,15.31,0
06/29/2020,15.57,7374005,15.89,16.01,15.5,1
06/30/2020,15.77,5047192,15.57,15.9,15.45,2
07/01/2020,15.76,3415231,15.79,15.89,15.55,3
07/02/2020,15.81,7213077,15.82,15.89,15.6,4
07/06/2020,15.52,3460806,15.78,15.78,15.38,5
07/07/2020,15.18,4228006,15.4,15.44,15.1,6
07/08/2020,15.16,3691465,15.11,15.31,15.04,7
07/09/2020,14.75,5107052,15.11,15.19,14.73,8
07/10/2020,14.6,6979252,14.77,14.86,14.11,9
07/13/2020,14,4380110,14.6,14.6,13.93,10
07/14/2020,14.59,4127624,13.92,14.72,13.72,11
07/15/2020,14.62,2558353,14.67,14.91,14.17,12
07/16/2020,14.98,2178859,14.52,15.14,14.5,13
07/17/2020,15.35,1210589,15,15.39,14.98,14
07/20/2020,15.59,1653008,15.46,15.84,15.3,15
07/21/2020,15.67,4344534,15.99,16.05,15.54,16
07/22/2020,16,1809101,15.9,16,15.65,17
07/23/2020,16.03,1841590,16.12,16.24,15.9,18
07/24/2020,16.11,2298928,16.1,16.16,15.9,19
07/27/2020,15.24,9327449,16.04,16.12,15.04,20
07/28/2020,15.1,2746222,15.3,15.33,15.03,21
07/29/2020,15.37,3183650,15.1,15.5,15,22
07/30/2020,14.95,2963068,15.32,15.47,14.94,23
07/31/2020,14.86,1784564,14.96,15.08,14.86,24
08/03/2020,14.83,1994088,14.92,14.95,14.44,25
08/04/2020,15.18,1867852,14.72,15.22,14.71,26
08/05/2020,15.47,2234392,15.17,15.73,15.15,27
08/06/2020,15.27,1008248,15.65,15.7,15.18,28
08/07/2020,15.35,969033,15.34,15.59,15.13,29
08/10/2020,15.37,967218,15.29,15.44,15.19,30
08/11/2020,14.92,1843976,15.39,15.44,14.8,31
08/12/2020,14.8,1519194,14.92,15.01,14.72,32
08/13/2020,14.9,1316521,14.74,14.91,14.61,33
08/14/2020,14.85,1516254,14.93,15.09,14.7,34
08/17/2020,14.93,2605002,14.87,15.23,14.8,35
08/18/2020,15.07,1625204,15.24,15.25,14.91,36
08/19/2020,15.19,1851126,15.2,15.34,15.05,37
08/20/2020,15.04,1126963,15.09,15.23,14.95,38
08/21/2020,14.9,1671686,14.93,15.05,14.84,39
08/24/2020,14.57,2729283,14.92,14.94,14.53,40
08/25/2020,14.59,2190543,14.6,14.62,14.38,41
08/26/2020,14.7,1163271,14.59,14.7,14.51,42
08/27/2020,14.66,1372279,14.65,14.73,14.42,43
08/28/2020,14.36,1596129,14.66,14.66,14.3,44
08/31/2020,13.79,2877716,14.3,14.32,13.77,45
09/01/2020,13.94,3826175,13.85,14.19,13.55,46
09/02/2020,14,2214029,14.07,14.12,13.86,47
09/03/2020,13.54,2487807,13.95,14.14,13.4,48
09/04/2020,13.51,2196979,13.54,13.65,13.12,49
09/08/2020,13.18,2918428,13.5,13.5,13.06,50
09/09/2020,13.88,2308118,13.32,13.95,13.31,51
09/10/2020,14.14,2734851,13.97,14.3,13.97,52
09/11/2020,14.15,2685302,14.19,14.45,13.88,53
09/14/2020,13.64,2550195,14.2,14.21,13.6,54
09/15/2020,13.26,2780606,13.83,13.92,13.15,55
09/16/2020,13.16,3135895,13.21,13.49,13.16,56
09/17/2020,13.31,2811987,13.16,13.52,13.1,57
09/18/2020,13.06,5682609,13.42,13.45,12.91,58
09/21/2020,13.66,8965883,13.48,13.81,13.26,59
09/22/2020,13.9,5573655,14.15,14.26,13.76,60
09/23/2020,13.62,2862564,14.12,14.12,13.6,61
09/24/2020,13.38,2780179,13.53,13.59,13.17,62
09/25/2020,13.55,1741841,13.51,13.56,13.3,63
09/28/2020,13.61,1893762,13.69,13.82,13.5,64
09/29/2020,13.75,1246004,13.61,13.78,13.53,65
09/30/2020,13.85,2091605,13.78,14.01,13.71,66
10/01/2020,13.77,1891791,13.85,14.04,13.72,67
10/02/2020,13.74,1903901,13.55,13.87,13.53,68
10/05/2020,13.9,4072800,13.88,14.12,13.84,69
10/06/2020,13.82,1852014,14.01,14.15,13.72,70
10/07/2020,13.9,1991338,13.91,14.03,13.81,71
10/08/2020,14.02,1616546,14.01,14.16,13.85,72
10/09/2020,14.26,1764772,14.08,14.33,14.04,73
10/12/2020,14.48,2281934,14.32,14.8,14.32,74
10/13/2020,14.7,1694938,14.58,14.76,14.37,75
10/14/2020,14.27,5514426,14.75,14.83,14.12,76
10/15/2020,14.29,3339183,14.33,14.35,14.07,77
10/16/2020,14.26,2998190,14.42,14.65,14.22,78
10/19/2020,14.38,4158688,14.78,14.78,14.16,79
10/20/2020,15.22,16484750,15.3,15.45,14.63,80
10/21/2020,14.98,4048843,15.28,15.44,14.96,81
10/22/2020,14.7,4077556,15.11,15.17,14.66,82
10/23/2020,14.83,1983295,14.72,14.84,14.56,83
10/26/2020,14.8,2975935,14.75,15.16,14.67,84
10/27/2020,14.89,2043251,14.83,15.09,14.75,85
10/28/2020,15.11,6076073,14.67,15.73,14.64,86
10/29/2020,15.15,3140311,15.03,15.26,14.84,87
10/30/2020,14.69,3630079,14.97,15.25,14.59,88
11/02/2020,14.66,3364659,14.8,14.85,14.23,89
11/03/2020,15.22,2843800,14.72,15.28,14.72,90
11/04/2020,15.45,2836213,15.12,15.52,15.1,91
11/05/2020,15.52,3005235,15.46,15.64,15.3,92
11/06/2020,15.49,1983367,15.55,15.63,15.38,93
11/09/2020,14.8,7070532,15.14,15.14,13.9,94
11/10/2020,14.99,2131745,14.79,15.05,14.75,95
11/11/2020,14.98,2286635,15,15.39,14.94,96
11/12/2020,15.13,1544517,15.07,15.21,14.95,97
11/13/2020,15.15,1342474,15.17,15.2,14.88,98
11/16/2020,15.61,2327198,15.16,15.66,15.16,99
11/17/2020,15.73,2182685,15.61,15.8,15.33,100
11/18/2020,15.75,1460310,15.79,15.95,15.61,101
11/19/2020,15.75,1878715,15.83,16.02,15.73,102
11/20/2020,15.71,1041467,15.77,15.99,15.7,103
11/23/2020,15.92,2464260,15.8,16,15.5,104
11/24/2020,15.9,1961021,15.92,16.03,15.84,105
11/25/2020,15.8,1496814,15.86,15.95,15.7,106
11/27/2020,15.86,961071,15.81,15.97,15.77,107
11/30/2020,16.03,2371759,15.89,16.14,15.72,108
12/01/2020,15.78,2169150,16,16.24,15.62,109
12/02/2020,15.52,2349724,15.74,15.9,15.44,110
12/03/2020,15.27,2301094,15.49,15.56,15.25,111
12/04/2020,14.95,2927901,15.25,15.3,14.89,112
12/07/2020,14.85,2859899,14.98,15.09,14.81,113
12/08/2020,14.98,2179072,14.85,15.08,14.83,114
12/09/2020,14.86,2736499,15.05,15.2,14.72,115
12/10/2020,15.09,2464015,14.91,15.15,14.7,116
12/11/2020,15.32,2558522,15.02,15.39,14.83,117
12/14/2020,15.1,1313376,15.38,15.59,15.03,118
12/15/2020,15.24,1694523,15.1,15.44,15.05,119
12/16/2020,15.41,1626335,15.39,15.53,15.21,120
12/17/2020,15.54,1582214,15.5,15.73,15.43,121
12/18/2020,15.62,3736758,15.63,15.69,15.21,122
12/21/2020,15.35,1638019,15.44,15.54,15.26,123
12/22/2020,15.81,1996090,15.45,15.92,15.39,124
12/23/2020,15.55,2659457,15.9,16.18,15.51,125
12/24/2020,15.75,927809,15.71,16.02,15.65,126
12/28/2020,15.98,1308269,15.82,16,15.71,127
12/29/2020,16.64,3516847,15.99,16.78,15.98,128
12/30/2020,16.85,3494981,16.75,17.57,16.61,129
12/31/2020,17.58,3086193,16.98,17.78,16.77,130
01/04/2021,17.12,2435273,17.6,17.82,17.01,131
01/05/2021,17.05,1869152,17.06,17.5,16.98,132
01/06/2021,17.36,3441297,17.12,17.64,17,133
01/07/2021,16.85,2576994,17.11,17.36,16.82,134
01/08/2021,16.61,2930566,16.82,16.98,16.15,135
01/11/2021,16.75,3302065,16.56,16.81,16.18,136
01/12/2021,17.1,7407972,17.59,18.25,16.88,137
01/13/2021,17.12,2670307,16.89,17.15,16.79,138
01/14/2021,17.46,2827431,17.15,17.76,17.08,139
01/15/2021,17.29,2837859,17.5,17.77,17.23,140
01/19/2021,17.79,2764045,17.37,17.87,17.15,141
01/20/2021,17.33,2969256,17.38,17.74,17.14,142
01/21/2021,17.38,1692236,17.3,17.55,17.3,143
01/22/2021,17.5,2051341,17.3,17.54,17.28,144
01/25/2021,18.59,5398355,17.41,19.28,17.39,145
01/26/2021,19.5,5196788,18.39,19.81,18.05,146
01/27/2021,20.42,7275761,19.29,20.62,19.28,147
01/28/2021,17.58,5039184,19.83,20.13,17.52,148
01/29/2021,17.37,3003873,17.82,18.39,17.22,149
02/01/2021,17.08,2735414,17.58,17.78,16.83,150
02/02/2021,16.48,4676697,17.02,17.09,16.33,151
02/03/2021,16.55,1922567,16.49,16.64,16.1,152
02/04/2021,16.71,1401952,16.6,16.9,16.35,153
02/05/2021,16.93,1229205,16.77,17.03,16.61,154
02/08/2021,16.84,1442220,16.99,17.21,16.65,155
02/09/2021,16.75,2178020,17.04,17.05,16.47,156
02/10/2021,16.62,2121024,16.75,16.87,16.51,157
02/11/2021,16.62,1268197,16.69,16.73,16.47,158
02/12/2021,16.49,1412752,16.73,16.74,16.39,159
02/16/2021,16.47,2576019,16.45,16.59,16.25,160
02/17/2021,16.3,2991606,16.51,16.56,16.16,161
02/18/2021,16.4,2255626,16.2,16.51,16.08,162
02/19/2021,16.59,1458095,16.39,16.61,16.37,163
02/22/2021,16.49,2001039,16.4,16.78,16.31,164
02/23/2021,16.25,1996610,16.43,16.6,16.01,165
02/24/2021,16.48,1330496,16.37,16.55,16.18,166
02/25/2021,16.48,1843430,16.53,16.92,16.31,167
02/26/2021,16.17,2734995,16.52,16.64,15.97,168
03/01/2021,16.66,2067289,16.25,16.96,16.17,169
03/02/2021,16.65,2242325,16.67,17.09,16.52,170
03/03/2021,17.72,2225714,16.72,17.83,16.71,171
03/04/2021,17.93,2913096,17.5,18.03,17.5,172
03/05/2021,17.75,2894809,17.92,18.35,17.59,173
03/08/2021,17.12,2881064,17.79,17.8,16.98,174
03/09/2021,17.17,1184260,17.16,17.6,17.14,175
03/10/2021,17.89,1655615,17.31,17.9,17.15,176
03/11/2021,18.22,2406761,18.1,18.4,17.9,177
03/12/2021,18.37,886017,18.07,18.47,18.01,178
03/15/2021,18.75,1582355,18.39,18.95,18.35,179
03/16/2021,19,1426393,18.82,19.2,18.74,180
03/17/2021,18.72,1577771,18.91,19.02,18.39,181
03/18/2021,18.02,2128661,18.6,19.07,18,182
03/19/2021,18.52,7271193,18.07,19.09,18.07,183
03/22/2021,19.19,1405192,18.41,19.25,18.41,184
03/23/2021,19.36,1929131,19.25,19.68,19.19,185
03/24/2021,18.76,2663905,19.29,19.33,18.7,186
03/25/2021,18.98,2257483,18.74,19.12,18.59,187
03/26/2021,19.52,1273783,19.11,19.58,19.03,188
03/29/2021,19.75,951774,19.54,19.84,19.51,189
03/30/2021,19.75,1026735,19.86,20.05,19.35,190
03/31/2021,19.07,1282272,19.81,19.85,19.02,191
04/01/2021,18.4,2087927,19,19.05,18.32,192
04/05/2021,18.67,1673784,18.5,18.75,18.35,193
04/06/2021,18.66,1537352,18.7,18.7,18.37,194
04/07/2021,18.6,1067951,18.64,18.69,18.51,195
04/08/2021,18.78,1429238,18.73,18.91,18.51,196
04/09/2021,18.85,773401,18.67,18.94,18.55,197
04/12/2021,19.32,940192,18.99,19.32,18.87,198
04/13/2021,19.39,908214,19.33,19.6,19.31,199
04/14/2021,19.71,1468808,19.45,19.77,19.2,200
04/15/2021,19.32,2965327,19.65,19.65,19.01,201
04/16/2021,20,1196408,19.44,20.05,19.41,202
04/19/2021,20.39,1193347,19.99,20.41,19.73,203
04/20/2021,20.31,1703658,20.35,20.89,20.15,204
04/21/2021,19.53,1914515,20.35,20.55,19.46,205
04/22/2021,19.26,1776424,19.53,19.6,19.07,206
04/23/2021,19.18,2351465,19.17,19.24,18.64,207
04/26/2021,18.22,5413028,18.42,18.75,17.73,208
04/27/2021,18.11,2458069,18.39,18.54,18.09,209
04/28/2021,18.71,2315948,18.18,18.91,18.16,210
04/29/2021,19.31,1252940,18.79,19.32,18.76,211
04/30/2021,18.57,1386376,19.26,19.45,18.57,212
05/03/2021,18.85,1543773,18.64,19.15,18.63,213
05/04/2021,18.38,2437704,18.3,18.7,17.88,214
05/05/2021,18.61,834276,18.5,18.75,18.23,215
05/06/2021,19.29,1947100,18.64,19.35,18.64,216
05/07/2021,19.18,877261,19.22,19.33,19.01,217
05/10/2021,19.34,3252014,19.17,19.77,19.17,218
05/11/2021,19.49,1417045,19.29,19.76,19.05,219
05/12/2021,18.63,1420957,19.44,19.46,18.51,220
05/13/2021,18.78,993359,18.57,19.05,18.55,221
05/14/2021,19.19,973989,18.98,19.43,18.93,222
05/17/2021,19.51,1061308,19.24,19.68,19.24,223
05/18/2021,19.38,1121213,19.62,19.75,19.14,224
05/19/2021,18.69,1404255,19.25,19.35,18.65,225
05/20/2021,18.73,1242297,18.83,18.93,18.6,226
05/21/2021,18.75,1307460,18.8,18.97,18.72,227
05/24/2021,19.02,1329972,18.87,19.31,18.61,228
05/25/2021,18.8,669109,19.06,19.15,18.79,229
05/26/2021,18.8,716519,18.8,18.87,18.62,230
05/27/2021,18.98,703323,18.87,19.11,18.8,231
05/28/2021,19.19,857940,19.12,19.23,18.84,232
06/01/2021,19.66,895114,19.3,19.78,19.21,233
06/02/2021,19.88,1099739,19.76,19.94,19.53,234
06/03/2021,20.05,1090444,19.94,20.19,19.55,235
06/04/2021,20.17,1179436,20.14,20.24,19.46,236
06/07/2021,20.47,1103506,20.17,20.48,20.1,237
06/08/2021,21.04,1605573,20.31,21.06,20.28,238
06/09/2021,20.96,1171071,20.94,21.23,20.56,239
06/10/2021,20.84,1345978,20.88,21.29,20.81,240
06/11/2021,20.4,1155841,20.81,20.86,20.17,241
06/14/2021,20.32,1112380,20.47,20.47,20.1,242
06/15/2021,19.76,997274,20.29,20.29,19.68,243
06/16/2021,19.57,1601568,19.7,19.91,19.36,244
06/17/2021,19.27,1753969,19.53,19.56,18.84,245
06/18/2021,19.52,2345864,19.13,19.66,18.94,246
06/21/2021,20.08,1057008,19.65,20.17,19.51,247
06/22/2021,20.14,948742,20.07,20.18,19.78,248
06/23/2021,19.83,1040202,20.24,20.28,19.8,249
06/24/2021,19.72,768506,19.82,19.89,19.63,250
06/25/2021,20.08,2793071,19.86,20.14,19.78,251
06/28/2021,20.26,837635,20.03,20.3,19.72,252
06/29/2021,20.04,518332,20.29,20.33,19.96,253
06/30/2021,19.66,1304948,20.04,20.2,19.59,254
07/01/2021,19.91,754014,19.87,20.04,19.71,255
07/02/2021,19.96,418660,19.92,20.15,19.81,256
07/06/2021,19.24,1101092,19.87,19.93,19.18,257
07/07/2021,19.36,648506,19.27,19.63,19.05,258
07/08/2021,19.61,682008,19.19,19.66,19.1,259
07/09/2021,20.21,1097923,19.72,20.38,19.7,260
07/12/2021,19.98,675852,20.15,20.34,19.75,261
07/13/2021,19.67,645966,19.92,20.1,19.63,262
07/14/2021,19.83,518913,19.67,20,19.54,263
07/15/2021,19.81,503970,19.91,19.99,19.71,264
07/16/2021,19.89,682978,19.88,20.15,19.79,265
07/19/2021,20.56,1227121,19.95,20.57,19.91,266
07/20/2021,20.66,1032924,20.64,20.97,20.53,267
07/21/2021,20.88,605576,20.66,21.02,20.56,268
07/22/2021,20.17,740695,20.7,20.8,20.15,269
07/23/2021,20.24,558958,20.22,20.3,19.96,270
07/26/2021,20.41,645019,20.24,20.5,20.19,271
07/27/2021,20.31,757223,20.27,20.37,20.08,272
07/28/2021,20.72,1671551,20.22,20.73,20.22,273
07/29/2021,21.61,2292771,20.9,22.26,20.9,274
07/30/2021,21.6,1008414,21.82,22.29,21.54,275
08/02/2021,22.07,845021,21.68,22.17,21.32,276
08/03/2021,23.39,1559277,22.08,23.49,22.08,277
08/04/2021,22.77,954795,23.36,23.39,22.49,278
08/05/2021,23.15,697161,22.88,23.16,22.76,279
08/06/2021,24.56,1975890,23.25,24.71,23.14,280
08/09/2021,24.79,1519092,24.26,24.89,23.82,281
08/10/2021,29.05,6468702,26,29.09,25.79,282
08/11/2021,28.56,2749640,28.78,28.9,27.73,283
08/12/2021,29.62,1937478,28.67,29.87,28.36,284
08/13/2021,29.85,1705869,29.42,30.42,29.28,285
08/16/2021,29.34,1012727,29.69,30.3,29.24,286
08/17/2021,29.53,1167194,29.35,30.06,29.21,287
08/18/2021,29.22,1082173,29.76,30.21,29.19,288
08/19/2021,28.67,1094448,29.03,29.28,28.21,289
08/20/2021,28.86,757135,28.75,29.09,28.66,290
08/23/2021,28.6,1071057,28.96,29.06,28.37,291
08/24/2021,28.35,972781,28.6,28.66,28.27,292
08/25/2021,28.44,913845,28.35,28.86,28.24,293
08/26/2021,28.03,1009097,28.46,28.46,27.77,294
08/27/2021,28.39,741886,28.07,28.64,27.76,295
08/30/2021,29.16,1104976,28.41,29.58,28.09,296
08/31/2021,30.36,1959139,29.18,30.48,29.02,297
09/01/2021,30.18,1766225,30.51,31.28,29.55,298
09/02/2021,33.08,3443195,30.26,33.19,30.07,299
09/03/2021,33.35,1690715,32.68,33.65,32.42,300
09/07/2021,33.5,2342624,33.43,34.09,32.75,301
09/08/2021,32.03,1607508,33.5,33.97,31.87,302
09/09/2021,32.17,1462555,31.99,32.83,31.62,303
09/10/2021,30.03,2365989,32.08,32.11,29.68,304
09/13/2021,30.45,1448158,30.35,31.4,30.35,305
09/14/2021,29.63,1516390,30.69,30.8,29.53,306
09/15/2021,30.78,1308216,29.66,31,29.47,307
09/16/2021,30.25,1094436,30.77,30.93,30.06,308
09/17/2021,30.1,5588875,30.12,30.5,29.81,309
09/20/2021,29.91,1204508,29.61,30.56,29.5,310
09/21/2021,30.38,907384,29.99,30.89,29.81,311
09/22/2021,30.26,1075313,30.81,31.17,30.18,312
09/23/2021,31.78,1063898,30.83,32.11,30.26,313
09/24/2021,31.34,880266,31.56,32.08,31.32,314
09/27/2021,30.85,771776,31.22,31.85,30.78,315
09/28/2021,31.31,1089014,30.77,31.78,30.5,316
09/29/2021,32.07,799937,31.42,32.4,31.33,317
09/30/2021,31.13,932626,32,32.07,31.05,318
10/01/2021,29.77,1489986,31.11,31.25,29.72,319
10/04/2021,30.1,1039074,29.52,30.25,29.31,320
10/05/2021,29.47,1831262,28.6,29.69,28.41,321
10/06/2021,28.38,1263498,29.6,29.85,28.11,322
10/07/2021,28,1397122,28.51,29.18,27.84,323
10/08/2021,27.07,1482955,27.52,28.14,26.77,324
10/11/2021,27.07,1268147,26.84,27.73,26.7,325
10/12/2021,27.1,967460,27.24,27.65,27.08,326
10/13/2021,27.64,998240,27.25,28.1,27.21,327
10/14/2021,28.35,1440144,27.78,29.01,27.7,328
10/15/2021,28.56,2270996,28.48,29.3,28.3,329
10/18/2021,29.51,4901213,28.15,30.01,27.9,330
10/19/2021,28.3,3539654,28.53,28.87,27.19,331
10/20/2021,28.91,1635146,28.7,29.36,28.56,332
10/21/2021,29.51,1359655,29.24,29.86,28.93,333
10/22/2021,30.82,1480076,29.75,31.2,29.6,334
10/25/2021,30.65,1543866,30.59,31.42,29.96,335
10/26/2021,30.26,1189333,30.64,30.81,29.99,336
10/27/2021,30.21,1453140,30.41,30.84,30.12,337
10/28/2021,30.05,1233043,30,30.8,29.81,338
10/29/2021,30.95,1243024,29.9,31.28,29.46,339
11/01/2021,31.82,1039691,31.01,31.98,30.51,340
11/02/2021,31.61,895977,31.82,31.95,30.72,341
11/03/2021,34.99,3616730,31.88,35.15,31.7,342
11/04/2021,34.75,1322982,34.64,35.23,34.31,343
11/05/2021,34.8,1071673,34.82,35.61,34.18,344
11/08/2021,33.36,925231,34.6,34.7,33.3,345
11/09/2021,33.76,1633368,33.6,34.1,33.4,346
11/10/2021,34.02,1189615,33.5,34.07,32.81,347
11/11/2021,34.68,756172,34.28,34.95,34.02,348
11/12/2021,35.03,838124,34.76,35.37,34.61,349
11/15/2021,34.81,854185,35.12,35.96,34.73,350
11/16/2021,33.98,1328266,34.53,34.84,33.5,351
11/17/2021,34.11,684747,34.38,34.45,33.87,352
11/18/2021,34.73,795318,34.45,35.1,34.34,353
11/19/2021,33.77,921594,34.88,35,33.68,354
11/22/2021,36.18,1342186,34.29,36.52,34.25,355
11/23/2021,35.26,977318,35.89,36.36,35.07,356
11/24/2021,34.83,491539,35,35.17,34.36,357
11/26/2021,35.72,830040,34.5,36.6,34.3,358
11/29/2021,35.43,1159924,35.71,36.3,35.11,359
11/30/2021,35.19,980433,35.17,36.08,34.83,360
12/01/2021,34.25,882121,35.4,35.85,34.12,361
12/02/2021,35.98,1238127,34.57,36.09,34.26,362
12/03/2021,35.7,1581011,36.02,36.43,35.34,363
12/06/2021,36.81,1786211,35.6,37.17,35.11,364
12/07/2021,35.84,1607559,37.19,37.85,35.55,365
12/08/2021,31.84,3964188,35.75,35.81,31.03,366
12/09/2021,30.51,5115957,30.62,30.9,30.3,367
12/10/2021,30.7,2021529,30.61,31.12,30.26,368
12/13/2021,31.32,2527513,30.72,31.95,30.39,369
12/14/2021,30.25,3560417,31.18,31.28,29.72,370
12/15/2021,30.13,2683850,30.3,30.53,29.4,371
12/16/2021,30.63,1515359,30.32,31.04,30.18,372
12/17/2021,30.84,2831956,30.83,31.09,30.47,373
12/20/2021,30.02,1307057,30.52,31.33,29.95,374
12/21/2021,29.84,1342862,30.26,30.35,29.76,375
12/22/2021,29.8,1324349,29.94,30.35,29.57,376
12/23/2021,29.9,1229273,30,30.55,29.78,377
12/27/2021,29.54,1422921,30.05,30.13,29.31,378
12/28/2021,29.83,2193859,29.63,29.88,29.14,379
12/29/2021,30.05,1411600,29.85,30.77,29.44,380
12/30/2021,30.17,986842,30.41,30.55,30.11,381
12/31/2021,30.19,1187202,29.94,30.7,29.94,382
01/03/2022,29.34,1520114,30.19,30.42,29.27,383
01/04/2022,29.65,2069216,29.54,29.82,29.19,384
01/05/2022,29.95,2700274,29.71,30.92,29.65,385
01/06/2022,31.21,3032970,30.39,31.48,29.73,386
01/07/2022,31.21,2113943,31.5,32.32,31.2,387
01/10/2022,31.9,4571857,31.72,32.2,30.65,388
01/11/2022,28.79,9345379,31.58,31.75,28.4,389
01/12/2022,29.63,3094318,28.79,29.94,28.55,390
01/13/2022,30.98,2975719,30,31.26,30,391
01/14/2022,30.94,3456128,30.81,31.87,30.51,392
01/18/2022,30.47,1649022,30.55,30.92,30.22,393
01/19/2022,29.37,2126586,30.78,31.13,28.95,394
01/20/2022,28.2,2075712,29.4,29.52,28.12,395
01/21/2022,28.28,1968971,28.29,28.47,27.82,396
01/24/2022,28.46,2714684,27.87,28.58,27.65,397
01/25/2022,27.08,2498889,27.98,28.38,26.8,398
01/26/2022,26.82,2040760,27.49,27.73,26.64,399
01/27/2022,27.46,1594938,27.18,27.91,27.1,400
01/28/2022,26.85,1361112,27.08,27.26,26.27,401
01/31/2022,28.15,1911170,26.9,28.15,26.76,402
02/01/2022,28.16,1514143,28,28.45,27.49,403
02/02/2022,28.43,1127675,28.02,28.7,27.98,404
02/03/2022,28.47,811186,28.19,28.78,28.04,405
02/04/2022,28.1,953382,28.23,28.3,27.67,406
02/07/2022,28.24,1324650,28.19,28.59,28.02,407
02/08/2022,28.92,760546,28.38,29.15,28.17,408
02/09/2022,28.97,911279,29.15,29.34,28.9,409
02/10/2022,28.56,1352578,28.93,29.17,28.34,410
02/11/2022,28.43,1241345,28.83,29.15,28.19,411
02/14/2022,28.79,1395327,28.46,28.9,28.06,412
02/15/2022,29.29,1477577,29.2,29.7,28.9,413
02/16/2022,28.78,1005720,29.18,29.35,28.47,414
02/17/2022,28.75,1051228,28.78,29.19,28.6,415
02/18/2022,29.01,894862,28.8,29.52,28.67,416
02/22/2022,28.29,1575638,28.88,29.18,28.05,417
02/23/2022,28.4,1198884,28.47,28.78,28.23,418
02/24/2022,29,1757919,27.66,29.18,27.51,419
02/25/2022,29.72,1623388,29.26,29.98,29.13,420
02/28/2022,29.15,1385459,29.47,29.78,28.96,421
03/01/2022,31.4,6464072,30.37,32.06,30,422
03/02/2022,31.99,1986399,31.23,32.01,31.04,423
03/03/2022,35.7,3815696,32.25,35.78,32.25,424
03/04/2022,36.16,4797714,34.63,37.37,34.01,425
03/07/2022,35.63,3336092,36.72,37.99,35.34,426
03/08/2022,35.34,2913254,35.38,36.73,34.76,427
03/09/2022,34.68,1275091,35.27,35.97,34.64,428
03/10/2022,34.58,1595539,34.68,34.98,33.84,429
03/11/2022,34.41,1452161,34.43,35.5,34.29,430
03/14/2022,35.27,1462933,34.2,35.95,33.86,431
03/15/2022,35.58,1386701,34.91,35.6,34.63,432
03/16/2022,35.3,2799692,35.54,36.49,34.78,433
03/17/2022,36,3059228,35.1,36.55,34.81,434
03/18/2022,35.17,4486096,36.22,36.48,35.05,435
03/21/2022,36.14,2467808,35.41,37.16,35.41,436
03/22/2022,35.69,2870025,36.3,36.5,35.37,437
03/23/2022,35.77,1357207,35.44,36.21,35.44,438
03/24/2022,35.7,1238299,36.05,36.25,35.51,439
03/25/2022,32.88,6911220,33.46,33.47,32,440
03/28/2022,33.37,2492876,32.96,33.38,32.85,441
03/29/2022,33.46,2230783,33.62,33.71,32.91,442
03/30/2022,33.51,2516411,33.45,33.62,32.55,443
03/31/2022,33.25,1799437,33.54,33.86,33.07,444
04/01/2022,33.93,1726754,33.5,33.98,33.22,445
04/04/2022,33.87,1293237,34.2,34.26,33.57,446
04/05/2022,33.87,1477666,33.94,34.5,33.68,447
04/06/2022,34.09,1591310,33.81,34.74,33.59,448
04/07/2022,34.77,3089288,34.46,35.47,34,449
04/08/2022,35.28,5639499,35.48,36,34.98,450
04/11/2022,34.78,5365841,35.5,35.54,34.46,451
04/12/2022,31.97,5961769,33.27,34.1,31.79,452
04/13/2022,33.18,4415049,32.25,33.48,31.9,453
04/14/2022,32.41,3110119,33.13,33.29,32.21,454
04/18/2022,33.01,2047284,32.48,33.24,32.46,455
04/19/2022,33.11,1797971,33.15,33.21,32.53,456
04/20/2022,33.29,2540582,33.36,33.74,32.92,457
04/21/2022,33.88,1630979,33.28,34,32.92,458
04/22/2022,32.23,4820822,32.69,32.85,32.06,459
04/25/2022,32.43,3283647,31.84,32.68,31.68,460
04/26/2022,31.42,2685687,32.43,32.43,31.26,461
04/27/2022,31.36,2467865,31.31,31.9,30.6,462
04/28/2022,32.13,2707610,31.29,32.23,30.95,463
04/29/2022,31.28,2843805,32,32.22,31.16,464
05/02/2022,31,2865751,31.45,31.92,30.59,465
05/03/2022,31.26,1494434,31.23,31.73,30.93,466
05/04/2022,31.81,1775708,31.3,31.91,30.95,467
05/05/2022,30.12,3074453,31.8,31.8,30,468
05/06/2022,30.11,1844546,29.88,30.59,29.67,469
05/09/2022,30.13,2301151,29.75,30.29,29.69,470
05/10/2022,30.3,2281372,30.1,30.65,29.66,471
05/11/2022,29.85,1995005,30.3,30.8,29.75,472
05/12/2022,29.97,1681819,29.77,30.6,29.58,473
05/13/2022,29.96,1563093,30.23,30.23,29.58,474
05/16/2022,29.89,1858473,30.43,30.55,29.74,475
05/17/2022,29.24,2877788,29.5,29.83,28.95,476
05/18/2022,27.1,3995783,27.88,28.11,26.97,477
05/19/2022,27.09,4584543,26.76,27.48,26.51,478
05/20/2022,27.51,2122276,27.1,27.54,26.83,479
05/23/2022,28.27,2111305,27.72,28.66,27.45,480
05/24/2022,29.29,8261591,27.74,29.61,27.4,481
05/25/2022,29.68,2778751,28.98,29.94,28.77,482
05/26/2022,30.25,2212397,30,30.68,29.72,483
05/27/2022,30.61,1591442,30.38,30.72,30.17,484
05/31/2022,30.55,1227036,30.31,30.89,30.04,485
06/01/2022,30.51,1555154,30.82,30.82,30.24,486
06/02/2022,30.96,1763997,30.74,31.07,30.23,487
06/03/2022,30.94,1789834,30.9,31.26,30.69,488
06/06/2022,30.3,1481417,31.29,31.29,30.16,489
06/07/2022,30.31,1391253,30,30.55,29.94,490
06/08/2022,29.25,1810086,30.19,30.19,29.19,491
06/09/2022,29.47,2666295,29.48,29.92,29.25,492
06/10/2022,29.96,2167863,29.16,30.06,29.1,493
06/13/2022,28.77,1834147,29.55,29.72,28.68,494
06/14/2022,28.31,2493433,29.16,29.24,28.12,495
06/15/2022,28.69,1609032,28.48,28.94,28.35,496
06/16/2022,28.08,2212516,27.84,28.71,27.75,497
06/17/2022,27.37,6242012,28.14,28.34,26.91,498
06/21/2022,28.97,1855307,27.38,29.01,27.38,499
06/22/2022,28.39,2097475,28.66,29.03,28.23,500
06/23/2022,29.13,3874057,29.21,29.96,28.81,501
06/24/2022,29.36,2528968,29.12,29.62,28.81,502
06/27/2022,29.52,2071763,29.37,29.84,29.21,503
06/28/2022,28.41,2413221,29.51,29.78,28.34,504
06/29/2022,28.15,2626194,28.53,28.84,27.71,505
06/30/2022,26.72,9126372,26.5,26.98,26.01,506
07/01/2022,27.56,4612833,26.81,27.57,26.78,507
07/05/2022,26.86,6482714,27.73,27.73,26.41,508
07/06/2022,26.86,4720883,26.78,27.02,26.36,509
07/07/2022,27.21,4823481,27.11,27.22,26.78,510
07/08/2022,26.93,3243075,27.25,27.25,26.82,511
07/11/2022,26.61,2297092,26.87,27.03,26.57,512
07/12/2022,26.5,2305553,26.5,26.84,26.41,513
07/13/2022,26.53,2675005,26.32,26.76,26.25,514
07/14/2022,26.42,2214683,26.19,26.67,26,515
07/15/2022,26.07,2149779,26.5,26.64,25.99,516
07/18/2022,26.32,3186567,26.47,26.56,26.25,517
07/19/2022,26.5,3116398,26.58,26.7,26.37,518
07/20/2022,26.86,2873133,26.5,26.92,26.44,519
07/21/2022,26.35,2605822,27,27,26.14,520
07/22/2022,26.5,2659579,26.35,26.62,26.29,521
07/25/2022,26.43,4108421,26.51,26.77,26.17,522
07/26/2022,26.52,5824847,26.65,26.98,25.89,523
07/27/2022,26.62,3084740,26.5,26.75,26.01,524
07/28/2022,26.85,3477219,26.68,26.9,26.32,525
07/29/2022,26.85,2147819,26.76,26.98,26.62,526
08/01/2022,26.85,2144440,26.85,27,26.72,527
08/02/2022,26.92,2697868,26.97,27,26.41,528
08/03/2022,26.79,2241860,27,27.2,26.55,529
08/04/2022,26.8,2457906,26.8,27,26.48,530
08/05/2022,27.05,2781073,26.7,27.06,26.48,531
08/08/2022,27.8,4069782,27.05,28,27.05,532
08/09/2022,28.66,7594754,27.99,29.35,27.95,533
08/10/2022,28.77,3898253,28.58,29.01,28.25,534
08/11/2022,28.91,2678736,28.97,29.25,28.69,535
08/12/2022,28.07,4356972,28.8,28.82,27.46,536
08/15/2022,28.25,1803259,27.89,28.47,27.8,537
08/16/2022,28.69,2297108,28.23,28.92,28.16,538
08/17/2022,28.47,1837425,28.57,28.81,28.31,539
08/18/2022,28.71,1911921,28.46,28.81,28.26,540
08/19/2022,28.77,1814826,28.7,28.8,28.4,541
08/22/2022,28.55,1667360,28.74,28.82,28.32,542
08/23/2022,28.29,1221349,28.53,28.68,28.07,543
08/24/2022,28.34,1420227,28.33,28.43,28.12,544
08/25/2022,28.45,1369102,28.36,28.5,28.01,545
08/26/2022,28.01,1380755,28.5,28.59,27.75,546
08/29/2022,28.13,1605178,27.86,28.43,27.6,547
08/30/2022,27.4,1379002,28.24,28.35,27.38,548
08/31/2022,27.51,2292600,27.41,27.82,27.12,549
09/01/2022,27.64,1572021,27.4,27.66,27.27,550
09/02/2022,27.63,1808860,27.99,28.19,27.46,551
09/06/2022,27.97,4247865,27.89,28.38,27.69,552
09/07/2022,29.21,5352075,28,29.34,28,553
09/08/2022,28.9,3796054,28.99,29.48,28.6,554
09/09/2022,29.71,5919986,29.1,30.17,29.07,555
09/12/2022,29.41,2422710,29.7,29.93,29.25,556
09/13/2022,28.67,2887462,29.24,29.83,28.4,557
09/14/2022,28.62,4392083,28.81,29.11,28.57,558
09/15/2022,27.59,5449528,28.46,28.61,27.46,559
09/16/2022,27.37,8573377,27.55,27.9,27.32,560
09/19/2022,27.43,3118749,27.11,27.62,27.04,561
09/20/2022,26.64,3368069,27.17,27.28,26.5,562
09/21/2022,26.35,1751966,26.69,26.94,26.33,563
09/22/2022,26.21,2662391,26.26,26.47,26.02,564
09/23/2022,24.83,4618615,25.83,26,24.75,565
09/26/2022,25.02,3316427,24.83,25.14,24.49,566
09/27/2022,24.66,3048316,25.16,25.28,24.34,567
09/28/2022,25.59,3077921,24.78,25.65,24.6,568
09/29/2022,25.29,2653916,25.4,25.58,25.05,569
09/30/2022,24.86,2668626,25.38,25.42,24.73,570
10/03/2022,25.66,2436803,25,25.77,24.82,571
10/04/2022,25.72,3284961,26,26.21,25.62,572
10/05/2022,25.49,3390170,25.5,26.01,25.35,573
10/06/2022,25.26,2700690,25.3,25.64,25.24,574
10/07/2022,24.43,2420843,25.25,25.42,24.36,575
10/10/2022,25.25,2182098,24.69,25.38,24.65,576
10/11/2022,25.92,2994876,25.28,26.09,25.28,577
10/12/2022,25.67,2501204,25.95,26.25,25.67,578
10/13/2022,28.63,29008340,25.54,29.19,25.32,579
10/14/2022,26.21,40556620,27.03,27.25,26.12,580
10/17/2022,26.43,13199440,26.57,26.64,26.06,581
10/18/2022,26.74,14475160,26.8,26.86,26.36,582
10/19/2022,27.2,12423440,26.74,27.27,26.6,583
10/20/2022,27.5,11711350,27.25,27.61,27.12,584
10/21/2022,21.08,14576810,20.65,21.1,20.57,585
10/24/2022,20.79,6578319,21.15,21.2,20.7,586
10/25/2022,20.7,5891655,20.78,21,20.69,587
10/26/2022,20.43,7402737,20.7,20.94,20.05,588
10/27/2022,20.36,4815695,20.49,20.55,20.16,589
10/28/2022,20.38,4472068,20.33,20.66,20.3,590
10/31/2022,20.51,4724416,20.38,20.65,20.38,591
11/01/2022,20.32,3500223,20.6,20.69,20.3,592
11/02/2022,20.45,4143217,20.38,20.8,20.32,593
11/03/2022,20.92,8889940,20.5,21.05,20.48,594
11/04/2022,21.26,4914126,21.44,21.7,21.06,595
11/07/2022,20.85,4220531,21.51,21.56,20.64,596
11/08/2022,20.59,4951711,20.75,20.85,20.35,597
11/09/2022,20.33,2843000,20.68,20.79,20.33,598
11/10/2022,20.52,4925800,20.59,20.65,20.39,599
11/11/2022,20.5,2960335,20.57,20.7,20.47,600
11/14/2022,20.59,2480570,20.59,20.9,20.36,601
11/15/2022,20.73,4154788,20.96,21.07,20.58,602
11/16/2022,20.88,3417085,20.67,21.01,20.62,603
11/17/2022,20.61,2519488,20.7,20.94,20.46,604
11/18/2022,20.52,6182145,20.73,20.84,20.3,605
11/21/2022,20.44,2628578,20.57,20.8,20.43,606
11/22/2022,20.55,2744597,20.49,20.72,20.49,607
11/23/2022,20.44,1873397,20.55,20.68,20.42,608
11/25/2022,20.67,906084,20.51,20.69,20.5,609
11/28/2022,20.76,3249981,20.65,20.78,20.57,610
11/29/2022,20.96,2309991,20.89,20.96,20.68,611
11/30/2022,20.95,2096735,20.91,21.01,20.83,612
12/01/2022,20.75,2142317,21.01,21.05,20.73,613
12/02/2022,20.98,1420409,20.67,21.03,20.61,614
12/05/2022,20.96,2055624,20.88,21.06,20.83,615
12/06/2022,21.07,2309040,21.06,21.16,20.86,616
12/07/2022,21.45,1985512,21.14,21.46,21.1,617
12/08/2022,21.57,3323814,21.42,21.63,20.49,618
12/09/2022,21.38,1302430,21.45,21.58,21.34,619
12/12/2022,20.94,2956154,21.35,21.35,20.79,620
12/13/2022,21.03,1794556,20.98,21.14,20.87,621
12/14/2022,20.82,1992330,21.03,21.1,20.8,622
12/15/2022,20.66,2605439,20.87,20.93,20.57,623
12/16/2022,20.66,3500604,20.69,20.71,20.46,624
12/19/2022,20.59,2125695,20.7,20.84,20.43,625
12/20/2022,20.67,2226427,20.53,20.96,20.5,626
12/21/2022,20.98,1846373,20.78,20.98,20.71,627
12/22/2022,20.98,1369349,20.95,21,20.8,628
12/23/2022,21.13,1420328,20.95,21.18,20.86,629
12/27/2022,21.11,919487,21.04,21.17,21.01,630
12/28/2022,21.03,1836058,21.15,21.21,20.93,631
12/29/2022,20.98,1436788,21.01,21.15,20.96,632
12/30/2022,20.74,3135992,20.89,21.02,20.59,633
01/03/2023,20.7,2855136,20.81,20.85,20.67,634
01/04/2023,20.9,2445414,20.76,20.93,20.65,635
01/05/2023,20.85,1660453,20.86,20.88,20.73,636
01/06/2023,20.81,2769808,20.96,20.97,20.8,637
01/09/2023,20.92,4522514,20.84,21.03,20.81,638
01/10/2023,21.3,2453235,21.15,21.3,20.92,639
01/11/2023,21.41,2728111,21.25,21.44,21.1,640
01/12/2023,21.46,1956125,21.57,21.6,21.37,641
01/13/2023,21.34,1662082,21.4,21.44,21.33,642
01/17/2023,21.21,2044606,21.36,21.44,21.2,643
01/18/2023,20.95,3607503,21.24,21.28,20.84,644
01/19/2023,20.9,2793372,21.2,21.2,20.81,645
01/20/2023,21.01,2982807,20.95,21.02,20.91,646
01/23/2023,21.03,3184601,21.09,21.28,21.01,647
01/24/2023,21.2,2832407,21.07,21.23,20.99,648
01/25/2023,21.03,2025745,21.03,21.1,21,649
01/26/2023,21,2651397,21.03,21.17,21,650
01/27/2023,21.19,1622447,21,21.21,21,651
01/30/2023,21.17,1757056,21.19,21.22,21.09,652
01/31/2023,21.2,2019216,21.12,21.27,21.07,653
02/01/2023,21.35,2320280,21.13,21.4,21.12,654
02/02/2023,21.34,2177394,21.35,21.49,21.11,655
02/03/2023,21.4,1559777,21.35,21.41,21.26,656
02/06/2023,21.45,2251553,21.42,21.59,21.34,657
02/07/2023,21.37,1894609,21.41,21.41,21.23,658
02/08/2023,21.26,2297412,21.35,21.5,21.2,659
02/09/2023,21.14,3005567,21.28,21.33,21.03,660
02/10/2023,21.33,2081896,21.2,21.37,21.09,661
02/13/2023,21.28,1176721,21.34,21.35,21.22,662
02/14/2023,21.15,2603836,21.28,21.28,21.06,663
02/15/2023,21.03,2461189,21.19,21.26,20.95,664
02/16/2023,21.11,1413101,21.02,21.19,21,665
02/17/2023,21.22,2776296,21.13,21.27,21.07,666
02/21/2023,21.47,2412909,21.19,21.5,21.1,667
02/22/2023,21.38,2835516,21.49,21.56,21.35,668
02/23/2023,20.78,12031510,20.8,20.95,20.65,669
02/24/2023,20.54,4555095,20.7,20.73,20.5,670
02/27/2023,20.24,10173190,20.53,20.59,20.2,671
02/28/2023,19.88,7879845,20.18,20.3,19.84,672
03/01/2023,19.87,8105523,19.8,19.98,19.54,673
03/02/2023,19.87,5533239,20.04,20.17,19.76,674
03/03/2023,20.08,5447924,20.01,20.11,19.88,675
03/06/2023,20.09,4746612,20.15,20.25,20.04,676
03/07/2023,20,3810199,20.08,20.15,19.85,677
03/08/2023,20.11,2412105,20.04,20.13,19.93,678
03/09/2023,19.93,5994350,20.13,20.16,19.92,679
03/10/2023,19.91,3017826,19.98,20.01,19.79,680
03/13/2023,19.63,3820152,19.79,19.88,19.63,681
03/14/2023,19.64,3517220,19.67,19.78,19.59,682
03/15/2023,19.73,4131364,19.66,19.79,19.54,683
03/16/2023,19.68,3508245,19.75,19.75,19.51,684
03/17/2023,19.5,19088790,19.55,19.6,19.29,685
03/20/2023,19.2,9617758,19.56,19.58,19.14,686
03/21/2023,19.34,8973006,19.29,19.51,19.21,687
03/22/2023,19.65,4922670,19.48,19.72,19.46,688
03/23/2023,19.9,4773557,19.68,19.93,19.62,689
03/24/2023,20.19,4377074,19.9,20.2,19.86,690
03/27/2023,20.31,4716046,20.28,20.35,20.23,691
03/28/2023,20.33,2797859,20.36,20.43,20.24,692
03/29/2023,20.32,9510809,20.43,20.44,20.26,693
03/30/2023,20.5,3516037,20.39,20.52,20.37,694
03/31/2023,20.78,2834679,20.6,20.81,20.56,695
04/03/2023,20.9,3531398,20.86,20.98,20.79,696
04/04/2023,20.75,2393793,20.82,20.95,20.7,697
04/05/2023,20.94,3851848,20.84,20.94,20.69,698
04/06/2023,21.05,3081106,21.06,21.09,20.9,699
04/10/2023,21.21,3920015,21.02,21.24,21.02,700
04/11/2023,20.87,7666341,20.84,21,20.73,701
04/12/2023,20.64,4893574,20.82,20.85,20.63,702
04/13/2023,20.63,7409854,20.61,20.72,20.41,703
04/14/2023,20.69,3451779,20.65,20.71,20.56,704
04/17/2023,20.68,2430036,20.74,20.81,20.65,705
04/18/2023,20.75,2707405,20.68,20.8,20.68,706
04/19/2023,20.91,2616298,20.79,20.98,20.74,707
04/20/2023,20.94,2625076,20.97,21.08,20.9,708
04/21/2023,20.76,4291688,20.92,20.99,20.76,709
04/24/2023,20.81,2152594,20.77,20.84,20.75,710
04/25/2023,20.96,2659286,20.72,20.97,20.71,711
04/26/2023,20.92,2605367,21.12,21.12,20.79,712
04/27/2023,20.95,3041418,20.89,21.02,20.88,713
04/28/2023,20.9,4889686,20.95,21.01,20.82,714
05/01/2023,21.01,2736047,20.98,21.05,20.85,715
05/02/2023,21,5515782,21.14,21.14,20.91,716
05/03/2023,20.85,5976741,21.03,21.11,20.83,717
05/04/2023,20.75,4660186,20.88,20.93,20.54,718
05/05/2023,20.81,3198326,20.75,20.86,20.65,719
05/08/2023,20.7,2333666,20.89,20.92,20.69,720
05/09/2023,20.52,2883023,20.66,20.67,20.47,721
05/10/2023,20.48,2570023,20.5,20.57,20.4,722
05/11/2023,20.36,2824234,20.48,20.54,20.35,723
05/12/2023,20.2,7435103,20.36,20.52,20.1,724
05/15/2023,20.2,8144665,20.22,20.27,20.04,725
05/16/2023,20.3,3433100,20.16,20.41,20.15,726
05/17/2023,20.19,3409730,20.32,20.36,20.16,727
05/18/2023,20.28,2679434,20.25,20.29,20.02,728
05/19/2023,20.26,2472649,20.28,20.39,20.11,729
05/22/2023,20.18,2792433,20.26,20.27,20.04,730
05/23/2023,20.01,2055182,20.11,20.18,20.01,731
05/24/2023,20.1,1977516,20.1,20.2,20.03,732
05/25/2023,19.93,2515951,20.01,20.14,19.93,733
05/26/2023,20.08,3558172,19.88,20.16,19.88,734
05/30/2023,20.1,4110704,19.99,20.21,19.95,735
05/31/2023,20.36,22830030,20.09,20.43,20.06,736
06/01/2023,20.19,4409685,20.26,20.34,20.03,737
06/02/2023,20.5,5295541,20.15,20.52,20.15,738
06/05/2023,20.69,2602819,20.5,20.72,20.47,739
06/06/2023,20.83,3900000,20.65,20.97,20.63,740
06/07/2023,20.94,3646881,20.76,20.96,20.75,741
06/08/2023,20.9,2138111,20.91,20.93,20.76,742
06/09/2023,20.81,1750504,20.84,20.93,20.81,743
06/12/2023,20.95,2702587,20.81,21.01,20.75,744
06/13/2023,21.02,3409447,20.89,21.09,20.85,745
06/14/2023,20.94,6771788,21.04,21.07,20.74,746
06/15/2023,21.24,8031464,20.94,21.24,20.8,747
06/16/2023,21.37,13976420,21.25,21.44,21.22,748
06/20/2023,21.44,6221430,21.21,21.45,21.21,749
06/21/2023,21.43,5694246,21.46,21.46,21.27,750
06/22/2023,21.57,2798884,21.45,21.57,21.39,751
06/23/2023,21.46,13584520,21.49,21.59,21.34,752
06/26/2023,21.67,2124794,21.42,21.71,21.37,753
06/27/2023,21.69,1984392,21.6,21.79,21.58,754
06/28/2023,21.72,1471183,21.74,21.81,21.56,755
06/29/2023,21.91,3385280,21.7,21.91,21.66,756
06/30/2023,21.82,3470896,21.9,21.93,21.74,757
07/03/2023,21.91,1603507,21.79,22,21.79,758
07/05/2023,21.85,2420997,22,22,21.78,759
07/06/2023,21.6,2023232,21.8,21.83,21.51,760
07/07/2023,21.89,3909951,21.65,21.94,21.65,761
07/10/2023,22,2728396,21.87,22.06,21.8,762
07/11/2023,22.11,4229105,22.03,22.17,21.97,763
07/12/2023,22.18,3118789,22.05,22.26,21.97,764
07/13/2023,22.13,2545088,22.14,22.27,22.04,765
07/14/2023,21.93,1505449,22.1,22.14,21.9,766
07/17/2023,22,2298889,21.88,22.07,21.8,767
07/18/2023,21.95,1974000,22,22.1,21.92,768
07/19/2023,22,1347226,21.93,22.04,21.91,769
07/20/2023,22.08,1805686,22.12,22.22,21.94,770
07/21/2023,22.01,1446193,22.17,22.17,21.96,771
07/24/2023,22.05,1738695,22.08,22.08,21.9,772
07/25/2023,21.66,3468623,22.08,22.08,21.18,773
07/26/2023,21.65,3710996,21.62,22.02,21.55,774
07/27/2023,21.44,2392078,21.65,21.69,21.37,775
07/28/2023,21.66,1485793,21.48,21.7,21.46,776
07/31/2023,21.73,2053674,21.69,21.83,21.67,777
08/01/2023,21.86,3230036,21.73,21.88,21.67,778
08/02/2023,21.71,2311310,21.75,21.86,21.7,779
08/03/2023,21.95,2297847,21.71,22.03,21.68,780
08/04/2023,21.75,1397301,21.95,22.03,21.74,781
08/07/2023,21.73,2146571,21.76,21.89,21.69,782
08/08/2023,21.69,2035520,21.77,21.77,21.56,783
08/09/2023,21.69,1087509,21.65,21.81,21.65,784
08/10/2023,21.79,970674,21.74,21.84,21.71,785
08/11/2023,21.67,1891601,21.83,21.93,21.65,786
08/14/2023,21.76,3106061,21.76,21.88,21.72,787
08/15/2023,21.85,2599160,21.76,21.92,21.76,788
08/16/2023,21.8,2164716,21.92,22,21.79,789
08/17/2023,21.75,2164494,21.82,22.08,21.72,790
08/18/2023,21.83,2106862,21.64,21.96,21.64,791
08/21/2023,21.67,2693658,21.85,21.88,21.47,792
08/22/2023,21.98,3560889,21.69,21.99,21.59,793
08/23/2023,22.16,4210345,21.91,22.21,21.9,794
08/24/2023,22.09,1637495,22.09,22.16,22.01,795
08/25/2023,22.08,1495711,22.16,22.16,21.86,796
08/28/2023,22.24,3363646,22.05,22.27,22.04,797
08/29/2023,22.52,2347786,22.21,22.52,22.14,798
08/30/2023,22.47,2328803,22.58,22.71,22.42,799
08/31/2023,22.4,4525922,22.41,22.56,22.38,800
09/01/2023,22.46,2007863,22.45,22.54,22.37,801
09/05/2023,22.55,3546820,22.4,22.7,22.39,802
09/06/2023,23.04,12672030,22.82,23.19,22.8,803
09/07/2023,23.06,8551723,23.1,23.37,23.04,804
09/08/2023,23.63,12480750,23.56,23.88,23.5,805
09/11/2023,23.63,6731326,23.67,23.77,23.59,806
09/12/2023,23.69,4298018,23.7,23.75,23.62,807
09/13/2023,23.72,3500931,23.65,23.74,23.6,808
09/14/2023,23.5,4247263,23.72,23.77,23.48,809
09/15/2023,23.54,17073030,23.48,23.65,23.48,810
09/18/2023,23.43,2971108,23.52,23.62,23.41,811
09/19/2023,23.34,5558130,23.45,23.51,23.32,812
09/20/2023,23.38,4651075,23.27,23.53,23.27,813
09/21/2023,23.17,2475958,23.36,23.4,23.13,814
09/22/2023,23.21,4246584,23.31,23.38,23.21,815
09/25/2023,23.26,1711619,23.17,23.29,23.15,816
09/26/2023,23.03,5607363,23.22,23.24,22.98,817
09/27/2023,22.82,6010566,23.01,23.01,22.81,818
09/28/2023,22.87,2893011,22.82,23.02,22.76,819
09/29/2023,22.75,4347598,22.87,22.96,22.47,820
10/02/2023,22.63,3790302,22.71,22.79,22.61,821
10/03/2023,22.7,2905732,22.56,22.75,22.56,822
10/04/2023,22.98,3036934,22.76,23.04,22.67,823
10/05/2023,22.82,2414078,22.97,23.03,22.79,824
10/06/2023,22.62,3491610,22.77,22.91,22.51,825
10/09/2023,23,4019539,22.6,23,22.55,826
10/10/2023,22.89,2154407,23.12,23.13,22.86,827
10/11/2023,22.72,2266420,22.77,22.93,22.66,828
10/12/2023,22.73,1801338,22.7,22.83,22.67,829
10/13/2023,22.4,3265836,22.67,22.77,22.4,830
10/16/2023,22.5,3133537,22.69,22.73,22.45,831
10/17/2023,22.62,2933663,22.46,22.69,22.2,832
10/18/2023,22.55,2240789,22.55,22.69,22.49,833
10/19/2023,22.34,2976276,22.41,22.55,22.3,834
10/20/2023,22.27,1975060,22.51,22.51,22.2,835
10/23/2023,21.96,2573799,22.2,22.27,21.9,836
10/24/2023,21.77,3982082,22,22.02,21.75,837
10/25/2023,21.82,2233825,21.72,21.89,21.72,838
10/26/2023,21.8,1851377,21.86,21.88,21.67,839
10/27/2023,21.73,1847124,21.85,21.89,21.65,840
10/30/2023,21.72,1743556,21.62,21.78,21.62,841
10/31/2023,21.7,2008811,21.7,21.76,21.66,842
11/01/2023,21.76,2716344,21.75,21.83,21.63,843
11/02/2023,21.79,1867719,21.8,21.98,21.78,844
11/03/2023,21.95,1131120,21.86,21.99,21.84,845
11/06/2023,22.02,1413473,21.97,22.09,21.95,846
11/07/2023,21.9,799016,21.98,22.12,21.88,847
11/08/2023,21.39,2333144,21.85,21.9,21.36,848
11/09/2023,21.24,2226266,21.39,21.44,21.07,849
11/10/2023,21.18,1496170,21.31,21.42,21.16,850
11/13/2023,21.14,1906327,21.09,21.21,21.08,851
11/14/2023,21.38,1920495,21.21,21.47,21.18,852
11/15/2023,21.42,2283996,21.5,21.6,21.33,853
11/16/2023,20.97,2411783,21.34,21.38,20.94,854
11/17/2023,21.01,2614425,20.98,21.03,20.84,855
11/20/2023,20.96,1624093,21.05,21.06,20.91,856
11/21/2023,21.25,2498928,21,21.28,20.94,857
11/22/2023,21.4,1099750,21.3,21.47,21.27,858
11/24/2023,21.47,1099093,21.4,21.6,21.4,859
11/27/2023,21.5,1618732,21.48,21.59,21.34,860
11/28/2023,21.47,1299508,21.49,21.55,21.42,861
11/29/2023,21.3,1597398,21.53,21.56,21.27,862
11/30/2023,21.77,7522519,21.3,21.86,21.27,863
12/01/2023,21.98,3083454,21.81,21.99,21.7,864
12/04/2023,21.79,2722495,21.99,22.11,21.75,865
12/05/2023,21.79,1394115,21.91,21.91,21.75,866
12/06/2023,21.85,1189679,21.8,21.98,21.8,867
12/07/2023,22.04,2114676,21.96,22.18,21.88,868
12/08/2023,22.19,2348122,22.12,22.32,22.11,869
12/11/2023,22.35,3403919,22.22,22.36,22.13,870
12/12/2023,22.17,1434566,22.37,22.41,22.03,871
12/13/2023,22.43,3909091,22.37,22.54,22.1,872
12/14/2023,22.62,4387217,22.53,22.66,22.47,873
12/15/2023,22.66,6143862,22.75,22.92,22.58,874
12/18/2023,22.83,2552290,22.65,22.85,22.59,875
12/19/2023,22.62,7601518,22.84,22.88,22.34,876
12/20/2023,22.76,3705719,22.56,22.93,22.51,877
12/21/2023,22.79,2322651,22.79,22.85,22.65,878
12/22/2023,22.53,4507395,22.63,22.94,22.5,879
12/26/2023,22.73,2342329,22.52,22.98,22.45,880
12/27/2023,22.76,1621757,22.69,22.87,22.63,881
12/28/2023,22.99,2462151,22.7,23,22.69,882
12/29/2023,23,2616689,22.9,23.02,22.83,883
01/02/2024,22.83,7634968,22.9,23,22.6,884
01/03/2024,22.71,2147368,22.91,22.91,22.68,885
01/04/2024,22.54,4738307,22.73,22.88,22.48,886
01/05/2024,23.04,6391067,22.6,23.04,22.6,887
01/08/2024,22.99,3112860,23.01,23.07,22.76,888
01/09/2024,23.1,3722787,23.35,23.47,22.81,889
01/10/2024,23.05,2275230,23.15,23.15,22.96,890
01/11/2024,22.89,3263440,23.05,23.08,22.5,891
01/12/2024,22.71,2534961,22.96,22.96,22.64,892
01/16/2024,22.29,4180084,22.62,22.71,22.23,893
01/17/2024,22.01,2845993,22.26,22.42,21.95,894
01/18/2024,21.94,3574462,21.91,22.03,21.63,895
01/19/2024,22,4617506,21.9,22.02,21.72,896
01/22/2024,21.92,3287076,22.01,22.01,21.82,897
01/23/2024,21.8,2427568,21.97,21.97,21.75,898
01/24/2024,21.83,2221334,21.79,21.86,21.65,899
01/25/2024,21.81,1874619,21.77,21.85,21.75,900
01/26/2024,21.84,2205127,21.77,21.86,21.66,901
01/29/2024,21.7,2846289,21.84,21.92,21.56,902
01/30/2024,21.67,1489302,21.72,21.81,21.56,903
01/31/2024,21.22,6203608,21.62,21.67,21.07,904
02/01/2024,21.42,5143960,21.25,21.48,21.1,905
02/02/2024,21.35,2195090,21.4,21.48,21.29,906
02/05/2024,21.23,2563126,21.3,21.31,21.14,907
02/06/2024,21.24,3583170,21.11,21.32,21.1,908
02/07/2024,21.2,2664419,21.32,21.32,21.12,909
02/08/2024,21.35,3688643,21.16,21.44,21.16,910
02/09/2024,21.2,2244822,21.33,21.43,21.16,911
02/12/2024,21.27,2079040,21.25,21.39,21.25,912
02/13/2024,21.26,3380863,21.26,21.34,21.09,913
02/14/2024,21.21,2494976,21.27,21.39,21.15,914
02/15/2024,21.3,2158128,21.26,21.36,21.25,915
02/16/2024,21.58,6108280,21.3,21.62,21.28,916
02/20/2024,21.28,6612235,21.66,21.67,21,917
02/21/2024,21.24,1391164,21.25,21.36,21.13,918
02/22/2024,21.28,1831795,21.22,21.34,21.11,919
02/23/2024,21.44,3434814,21.34,21.51,21.27,920
02/26/2024,21.57,8845120,21.39,21.75,21.05,921
02/27/2024,20.8,8170710,21.55,21.55,20.61,922
02/28/2024,20.5,4386590,20.84,20.97,20,923
02/29/2024,20.28,7293120,20.41,20.52,20.21,924
03/01/2024,20.25,4411082,20.3,20.3,20.1,925
03/04/2024,20.12,3120015,20.21,20.29,20.11,926
03/05/2024,20.26,2867928,20.16,20.32,19.99,927
03/06/2024,20.45,4316134,20.3,20.52,20.25,928
03/07/2024,20.78,5978108,20.57,20.93,20.55,929
03/08/2024,20.86,2352090,20.81,20.93,20.61,930
03/11/2024,20.85,1517682,20.79,20.93,20.71,931
03/12/2024,20.94,1687070,20.85,20.97,20.62,932
03/13/2024,20.95,2712470,20.92,21.02,20.81,933
03/14/2024,20.62,3001739,20.99,20.99,20.5,934
03/15/2024,20.8,3463608,20.55,20.86,20.55,935
03/18/2024,20.82,1867496,20.73,20.99,20.7,936
03/19/2024,20.72,2577173,20.87,20.92,20.67,937
03/20/2024,20.99,2547845,20.7,20.99,20.68,938
03/21/2024,21.01,3137072,21,21.05,20.88,939
03/22/2024,20.9,2372084,21.01,21.03,20.86,940
03/25/2024,21.05,5257317,20.91,21.25,20.83,941
03/26/2024,21.33,4006914,21.09,21.44,21.07,942
03/27/2024,21.41,5810281,21.43,21.5,21.35,943
03/28/2024,21.44,3935009,21.46,21.46,21.33,944
04/01/2024,21.3,3429726,21.52,21.52,21.25,945
04/02/2024,21.09,2740538,21.22,21.29,21.03,946
04/03/2024,21.23,1444587,21.23,21.33,21.08,947
04/04/2024,21.13,1862198,21.3,21.4,21.03,948
04/05/2024,21.03,3122504,21.12,21.13,20.83,949
04/08/2024,20.96,5549158,21.07,21.1,20.85,950
04/09/2024,20.93,1722503,20.99,21,20.84,951
04/10/2024,20.86,4105386,20.83,20.9,20.71,952
04/11/2024,20.67,2705503,20.89,20.91,20.59,953
04/12/2024,20.38,3621991,20.66,20.7,20.13,954
04/15/2024,20.24,2911821,20.44,20.47,20.15,955
04/16/2024,20.21,2187369,20.24,20.33,20.14,956
04/17/2024,20.44,1606908,20.22,20.5,20.22,957
04/18/2024,20.46,2074779,20.43,20.57,20.32,958
04/19/2024,20.35,1845766,20.46,20.47,20.31,959
04/22/2024,20.23,3578528,20.49,20.49,20.06,960
04/23/2024,20.32,3737222,20.39,20.42,20.16,961
04/24/2024,20.06,4130307,20.28,20.36,19.85,962
04/25/2024,19.91,3751646,19.98,20.12,19.86,963
04/26/2024,20.13,1553317,19.9,20.17,19.89,964
04/29/2024,20.37,1518926,20.13,20.38,20.02,965
04/30/2024,20.4,2138259,20.26,20.43,20.02,966
05/01/2024,20.58,2311914,20.24,20.6,20.24,967
05/02/2024,20.72,1649717,20.63,20.73,20.6,968
05/03/2024,20.57,1421457,20.67,20.69,20.51,969
05/06/2024,20.62,897837,20.59,20.7,20.53,970
05/07/2024,20.6,2554828,20.66,20.75,20.59,971
05/08/2024,20.74,2101677,20.56,20.78,20.42,972
05/09/2024,20.7,1531893,20.79,20.83,20.67,973
05/10/2024,20.74,841233,20.7,20.78,20.65,974
05/13/2024,20.69,1919640,20.74,20.89,20.68,975
05/14/2024,20.8,1566570,20.77,20.83,20.65,976
05/15/2024,20.81,912741,20.78,20.85,20.6,977
05/16/2024,20.9,2455880,20.86,20.97,20.76,978
05/17/2024,20.62,2497718,20.91,20.93,20.52,979
05/20/2024,20.64,1581826,20.64,20.7,20.46,980
05/21/2024,20.5,1733935,20.6,20.77,20.45,981
05/22/2024,20.61,1624868,20.52,20.62,20.52,982
05/23/2024,20.48,1642738,20.58,20.58,20.39,983
05/24/2024,20.37,1333840,20.53,20.54,20.33,984
05/28/2024,20.36,1553753,20.31,20.47,20.3,985
05/29/2024,20.36,3176643,20.31,20.44,20.24,986
05/30/2024,20.52,1656984,20.38,20.57,20.33,987
05/31/2024,20.64,4236680,20.47,20.65,20.43,988
06/03/2024,20.55,2210580,20.64,20.78,20.41,989
06/04/2024,20.37,2195117,20.55,20.56,20.25,990
06/05/2024,20.35,1818207,20.33,20.49,20.3,991
06/06/2024,20.28,1076000,20.41,20.5,20.28,992
06/07/2024,20.07,2024439,20.26,20.34,20,993
06/10/2024,20.04,1536594,20.08,20.14,20,994
06/11/2024,20.31,1822414,20,20.31,19.96,995
06/12/2024,20.2,1520114,20.34,20.41,20.19,996
06/13/2024,20.16,1186939,20.26,20.26,20,997
06/14/2024,20.01,2802335,20.05,20.19,19.87,998
06/17/2024,20.07,2318672,19.99,20.07,19.93,999
06/18/2024,19.93,2528377,20.45,20.45,19.84,1000
06/20/2024,19.76,2474768,20.02,20.02,19.74,1001
06/21/2024,19.56,3746477,19.81,19.85,19.47,1002
06/24/2024,19.79,3618958,19.59,19.91,19.59,1003
06/25/2024,19.87,2159561,19.74,19.87,19.68,1004
06/26/2024,19.64,1676455,19.76,19.81,19.53,1005
06/27/2024,19.74,2199900,19.6,19.76,19.49,1006
06/28/2024,19.75,5431469,19.94,20.07,19.66,1007
07/01/2024,19.89,1690364,19.64,19.97,19.64,1008
07/02/2024,19.86,1651447,19.86,19.95,19.73,1009
07/03/2024,19.88,1010664,19.86,19.95,19.8,1010
07/05/2024,19.73,4343127,19.82,19.93,19.67,1011
07/08/2024,19.61,1667449,19.88,19.95,19.6,1012
07/09/2024,19.45,3683637,19.58,19.64,19.41,1013
07/10/2024,19.34,3029100,19.58,19.62,19.33,1014
07/11/2024,19.58,2666062,19.45,19.66,19.44,1015
07/12/2024,19.5,2023265,19.65,19.69,19.49,1016
07/15/2024,19.57,3351691,19.56,19.73,19.53,1017
07/16/2024,19.76,2580250,19.6,19.77,19.39,1018
07/17/2024,20.05,3565037,19.75,20.11,19.68,1019
07/18/2024,19.83,3433114,19.98,20.05,19.79,1020
07/19/2024,20,3150526,19.85,20.18,19.57,1021
07/22/2024,19.94,2239809,19.99,20.04,19.75,1022
07/23/2024,20.21,2882270,19.85,20.22,19.56,1023
07/24/2024,20.19,2382228,20.22,20.29,20.13,1024
07/25/2024,20.38,3605558,20.15,20.46,20.03,1025
07/26/2024,20.45,2529420,20.26,20.55,20.08,1026
07/29/2024,19.97,2260950,20.44,20.44,19.95,1027
07/30/2024,19.7,3296210,19.95,20,19.7,1028
07/31/2024,19.83,2587609,19.71,19.91,19.66,1029
08/01/2024,19.76,1607425,19.85,19.98,19.69,1030
08/02/2024,19.96,3272455,19.75,20,19.48,1031
08/05/2024,19.44,2958995,19.62,19.71,19.36,1032
08/06/2024,19.53,2900509,19.58,19.67,19.47,1033
08/07/2024,19.45,1960272,19.65,19.76,19.45,1034
08/08/2024,19.57,2018910,19.54,19.72,19.49,1035
08/09/2024,19.51,1775862,19.56,19.57,19.4,1036
08/12/2024,19.25,1437735,19.6,19.6,19.25,1037
08/13/2024,19.77,2949892,19.4,19.81,19.36,1038
08/14/2024,20.26,3968191,19.8,20.32,19.8,1039
08/15/2024,20.47,3921483,20.3,20.65,20.25,1040
08/16/2024,20.86,3351557,20.48,20.91,20.33,1041
08/19/2024,20.92,3301108,20.86,20.98,20.76,1042
08/20/2024,20.75,2123077,20.84,20.93,20.7,1043
08/21/2024,20.29,2689906,20.9,20.9,20.17,1044
08/22/2024,20.75,2243582,20.38,20.78,20.3,1045
08/23/2024,20.93,3235784,20.98,21.01,20.67,1046
08/26/2024,20.84,3077075,20.94,20.95,20.77,1047
08/27/2024,20.63,2310627,20.85,20.86,20.45,1048
08/28/2024,20.24,1553524,20.62,20.63,20.18,1049
08/29/2024,20.12,2074851,20.24,20.33,20.03,1050
08/30/2024,19.62,6488857,20.06,20.06,19.34,1051
09/03/2024,19.36,3679348,19.6,19.63,19.28,1052
09/04/2024,19.27,3467044,19.33,19.7,19.13,1053
09/05/2024,19.01,6866411,19.33,19.53,18.68,1054
09/06/2024,18.47,6732090,19.08,19.16,18.45,1055
09/09/2024,17.94,6314505,18.44,18.48,17.9,1056
09/10/2024,18.06,4226509,18,18.07,17.8,1057
09/11/2024,18.53,4142647,18.1,18.56,18.07,1058
09/12/2024,19,5320614,18.55,19.04,18.54,1059
09/13/2024,19.06,2611170,19.1,19.16,18.99,1060
09/16/2024,18.86,2766457,19.11,19.2,18.86,1061
09/17/2024,18.54,3462897,18.92,18.95,18.25,1062
09/18/2024,18.52,3177233,18.55,18.76,18.51,1063
09/19/2024,18.56,4591203,18.6,18.61,18.35,1064
09/20/2024,18.67,4229290,18.51,18.73,18.42,1065
09/23/2024,18.53,4348839,18.59,18.6,18.43,1066
09/24/2024,18.52,2650025,18.64,18.73,18.49,1067
09/25/2024,18.43,2613923,18.5,18.52,18.3,1068
09/26/2024,18.5,3113468,18.49,18.56,18.4,1069
09/27/2024,18.49,2841633,18.5,18.53,18.37,1070
09/30/2024,18.48,4003101,18.53,18.64,18.41,1071
10/01/2024,18.56,2790305,18.4,18.57,18.4,1072
10/02/2024,18.56,4883096,18.65,18.67,18.39,1073
10/03/2024,18.5,4577705,18.47,18.56,18.36,1074
10/04/2024,18.58,2129663,18.61,18.71,18.5,1075
10/07/2024,18.25,2676112,18.6,18.6,18.23,1076
10/08/2024,18.25,1735913,18.16,18.32,18.15,1077
10/09/2024,18.44,1526668,18.2,18.46,18.16,1078
10/10/2024,18.3,3102306,18.45,18.51,18.24,1079
10/11/2024,18.37,2551960,18.31,18.41,18.24,1080
10/14/2024,18.26,3012273,18.39,18.39,18.2,1081
10/15/2024,18.45,3457137,18.47,18.59,18.2,1082
10/16/2024,18.31,2616724,18.3,18.52,18.27,1083
10/17/2024,18.43,2987845,18.3,18.5,18.16,1084
10/18/2024,19,5422170,18.88,19.04,18.42,1085
10/21/2024,18.74,5215288,19.05,19.1,18.72,1086
10/22/2024,18.54,3950528,18.78,18.78,18.47,1087
10/23/2024,18.94,2402134,18.5,18.94,18.42,1088
10/24/2024,18.77,1845778,19,19.05,18.77,1089
10/25/2024,18.41,2903786,18.8,18.81,18.39,1090
10/28/2024,18.34,2299052,18.45,18.45,18.34,1091
10/29/2024,18.01,5549710,18.33,18.41,17.89,1092
10/30/2024,18.23,3460769,18.1,18.26,17.99,1093
10/31/2024,18.1,1680805,18.22,18.3,18.09,1094
11/01/2024,18.66,4272124,18.38,18.68,18.17,1095
11/04/2024,18.45,2195149,18.52,18.8,18.33,1096
11/05/2024,18.55,2019727,18.46,18.75,18.39,1097
11/06/2024,18.85,5217508,19.1,19.18,18.79,1098
11/07/2024,19.34,4370016,18.82,19.44,18.82,1099
11/08/2024,19.26,4412100,19.29,19.35,19.03,1100
11/11/2024,19.36,3049308,19.26,19.52,19.11,1101
11/12/2024,19.52,2661463,19.25,19.59,19.1,1102
11/13/2024,19.1,2058342,19.52,19.52,19.06,1103
11/14/2024,19.1,2255366,19.24,19.43,19.04,1104
11/15/2024,18.88,2230395,19.08,19.15,18.86,1105
11/18/2024,19.01,3729852,18.99,19.15,18.93,1106
11/19/2024,19.27,2286015,18.95,19.44,18.88,1107
11/20/2024,19.12,1912211,19.19,19.33,19.08,1108
11/21/2024,19.06,1683089,19.12,19.17,18.96,1109
11/22/2024,19.37,1370528,19.08,19.46,19.08,1110
11/25/2024,19.38,2811479,19.3,19.63,19.29,1111
11/26/2024,19.54,3124818,19.33,19.68,19.28,1112
11/27/2024,19.62,2160393,19.68,19.7,19.5,1113
11/29/2024,19.85,1805109,19.74,19.87,19.57,1114
12/02/2024,19.45,2703334,19.71,19.79,19.43,1115
12/03/2024,19.34,2376505,19.51,19.55,19.22,1116
12/04/2024,19.31,1686898,19.28,19.54,19.12,1117
12/05/2024,19.14,1780427,19.18,19.35,19.01,1118
12/06/2024,19.14,1737418,19.23,19.32,19.05,1119
12/09/2024,18.94,1857868,19.17,19.2,18.88,1120
12/10/2024,18.51,15812790,18.99,19.36,17,1121
12/11/2024,18.23,27121860,19.2,19.25,18.21,1122
12/12/2024,19.12,18194980,18.37,19.24,18.09,1123
12/13/2024,19.5,10440300,19.05,19.56,18.89,1124
12/16/2024,19.85,8410547,19.39,19.88,19.14,1125
12/17/2024,19.32,8205829,20,20.08,18.95,1126
12/18/2024,18.95,6984948,19.12,19.24,18.93,1127
12/19/2024,19.41,8163738,18.87,19.5,18.75,1128
12/20/2024,19.52,9898704,19.36,19.6,19.26,1129
12/23/2024,19.63,3465365,19.46,19.63,19.14,1130
12/24/2024,19.63,1722329,19.64,19.64,19.42,1131
12/26/2024,19.83,3850130,19.57,19.83,19.41,1132
12/27/2024,19.92,4383528,19.59,19.92,19.59,1133
12/30/2024,19.62,5292956,19.85,19.95,19.42,1134
12/31/2024,19.64,3859509,19.58,19.83,19.55,1135
01/02/2025,19.66,5374821,19.7,19.86,19.5,1136
01/03/2025,19.8,5697332,19.61,19.86,19.57,1137
01/06/2025,19.6,5749817,19.8,19.86,19.46,1138
01/07/2025,19.72,9503081,19.74,19.75,19.42,1139
01/08/2025,19.88,9867150,20,20.01,19.58,1140
01/10/2025,19.95,7153264,19.87,20.03,19.71,1141
01/13/2025,20.66,9318370,20.1,20.69,19.98,1142
01/14/2025,20.73,6551581,20.66,20.92,20.45,1143
01/15/2025,20.42,7106561,20.71,20.74,20.05,1144
01/16/2025,20.2,5637512,20.36,20.48,20.14,1145
01/17/2025,19.64,7506470,20.17,20.3,19.6,1146
01/21/2025,19.7,4709248,20.13,20.13,19.45,1147
01/22/2025,19.62,3446653,19.65,19.72,19.51,1148
01/23/2025,19.78,4231886,19.56,19.83,19.56,1149
01/24/2025,19.91,7597855,19.71,19.92,19.6,1150
01/27/2025,19.8,4559245,20.06,20.19,19.74,1151
01/28/2025,19.84,3519044,19.88,19.94,19.62,1152
01/29/2025,20.02,2976847,19.83,20.06,19.8,1153
01/30/2025,20.05,4589276,20,20.17,19.94,1154
01/31/2025,20.05,3458685,20.04,20.26,20.01,1155
02/03/2025,19.58,7245755,19.78,20.08,19.53,1156
02/04/2025,20.25,6406798,19.71,20.3,19.63,1157
02/05/2025,20.4,3942489,20.25,20.45,20.17,1158
02/06/2025,20.63,5277974,20.49,20.7,20.35,1159
02/07/2025,20.89,4006402,20.6,20.95,20.45,1160
02/10/2025,21.21,3655688,20.95,21.22,20.77,1161
02/11/2025,21.29,3590528,21.14,21.3,20.9,1162
02/12/2025,21.56,6408246,21.12,21.58,21.1,1163
02/13/2025,21.34,3937453,21.56,21.67,21.33,1164
02/14/2025,20.83,3613591,21.36,21.4,20.69,1165
02/18/2025,20.64,4122294,20.71,20.75,20.52,1166
02/19/2025,20.53,2547994,20.62,20.71,20.43,1167
02/20/2025,20.56,4038254,20.37,20.62,20.24,1168
02/21/2025,20.55,7541382,20.45,20.71,20.27,1169